{"cameraMode":{"drawMode":0,"name":"Shaded","section":"Shading Mode"},"sceneLighting":false,"audioPlay":false,"sceneViewState":{"m_AlwaysRefresh":false,"showFog":true,"showSkybox":false,"showFlares":true,"showImageEffects":true,"showParticleSystems":true,"showVisualEffectGraphs":true,"m_FxEnabled":true},"in2DMode":false,"pivot":{"x":-10.615253448486329,"y":3.173856735229492,"z":-0.14981094002723695},"rotation":{"x":0.10730744898319245,"y":0.7913850545883179,"z":-0.14541253447532655,"w":0.5840057730674744},"size":0.385932981967926,"orthographic":false}