{"cameraMode":{"drawMode":0,"name":"Shaded","section":"Shading Mode"},"sceneLighting":false,"audioPlay":false,"sceneViewState":{"m_AlwaysRefresh":false,"showFog":true,"showSkybox":false,"showFlares":true,"showImageEffects":true,"showParticleSystems":true,"showVisualEffectGraphs":true,"m_FxEnabled":true},"in2DMode":false,"pivot":{"x":-0.02569998800754547,"y":1.269700050354004,"z":0.6988499164581299},"rotation":{"x":0.06821264326572418,"y":0.9117540717124939,"z":-0.1689441204071045,"w":0.3681337237358093},"size":2.2012360095977785,"orthographic":false}